,Brand,Product_name,Ingredients,Shampoo,Conditioner,Mask,Comb_cream,Gel,Beard,Product_type,X,Y
0,Skala Cosm\xe9ticos,Shampoo Shampoo Camomila,"\r\n                Aqua, Sodium Methyl 2-Sulfolaurate (and) Disodium 2-Sulfolaurate (and) Cetyl Betaine (and) Lauryl Betaine (and) Lauramidopropyl Betaine (and) Myristamidopropyl Betaine (and) Lauryl Lactyl Lactate (and) Dimethyl Lauramide/Myristamide, Cocamidopropyl Betaine, Polyquaternium-10, Parfum, Hydroxypropylguar Hydroxypropyltrimonium Chloride, PEG-160 Sorbitan Triisostearate, Chamomila Recutita Flower Extract, Tocopheryl Acetate, Panthenol, Disodium EDTA, Citric Acid, 2-Bromo-2-Nitropropane-1,3-Diol.            ",True,False,False,False,False,False,Shampoo,5.9861813,10.438908
1,Skala Cosm\xe9ticos,Shampoo Skala Genetiqs,"\r\n                Aqua, Sodium Laureth Sulfate, Cocamidopropyl Betaine, Glycol Distearate, Polyquaternium-10, PEG-90M, Parfum, Guar Hydroxypropyltrimonium Chloride, Ammonium Chloride, Rhodiola Rosea Root Extract (and) Caesalpinia Spinosa Gum (and) Glycerin, Panthenol, Tocopheryl Acetate, Citric Acid, Disodium EDTA,  Methylchloroisothiazolinone (and) Methylisothiazolinone.            ",True,False,False,False,False,False,Shampoo,12.557233,7.708993
2,Skala Cosm\xe9ticos,Shampoo #MaisLisos,"\r\n                Aqua, Sodium Laureth Sulfate, Cocamidopropyl Betaine, Glycol Distearate, Polyquaternium-10,  PEG-90M, Parfum, Guar Hydroxypropyltrimonium Chloride,  Hydrolyzed Rice Protein, Zea Mays (Corn) Starch, Hydrolyzed Wheat Protein (and) Hydrolyzed Soy Protein (and) Carbocysteine (and) Threonine (and) Serine (and) Glutamic Acid , Ammonium Chloride, Panthenol, Tocopheryl Acetate, Methylchloroisothiazolinone (and) Methylisothiazolinone,  Citric  Acid, Dissodium EDTA, Benzyl Salicylate, Butylphenyl Methylpropional, Hexyl Cinnamal, Linalool.            ",True,False,False,False,False,False,Shampoo,14.078345,11.245517
3,Skala Cosm\xe9ticos,Shampoo Abacate,"\r\n                Aqua, Sodium Laureth Sulfate, Cocamidopropyl Betaine, Glycol Distearate, PEG-90M, Ammonium Chloride, Polyquaternium-10, Parfum, Guar Hydroxypropyltrimonium Chloride, Disodium EDTA, Methylchloroisothiazolinone (and) Methylisothiazolinone, Citric Acid, Tocopheryl Acetate, Panthenol, Persea Gratissima Fruit Extract, Ricinus Communis(Castor) Seed Oil, Aloe Barbadensis Extract, Amyl Cinnamal, Benzyl Alcohol, Hexyl Cinnamal, CI42.090 (FD&C Blue n\xba1), CI 19.140 (FD&C Yellow n\xba5).            ",True,False,False,False,False,False,Shampoo,9.825456,6.6539087
4,Skala Cosm\xe9ticos,Shampoo Crespinho Divino,"\r\n                Aqua, Sodium Methyl 2-Sulfolaurate (and) Disodium 2-Sulfolaurate (and) Cetyl Betaine (and) Lauryl Betaine (and) Lauramidopropyl Betaine (and) Myristamidopropyl Betaine (and) Lauryl Lactyl Lactate (and) Dimethyl Lauramide/Myristamide, Cocamidopropyl Betaine, Polyquaternium-10, Guar Hydroxypropyltrimonium Chloride, Methylchloroisothiazolinone (and) Methylisothiazolinone, Parfum, PEG-160 Sorbitan Triisostearate, Linum Usitatissimum Seed Oil, Cocos Nucifera Oil, Tocopheryl Acetate, Panthenol, Disodium EDTA, Citric Acid.            ",True,False,False,False,False,False,Shampoo,7.7742634,9.967151
5,Skala Cosm\xe9ticos,Shampoo 12 em 1,"\r\n                Aqua, Sodium Laureth Sulfate, Cocamidopropyl Betaine, Glycol Distearate, PEG-90M, Ammonium Chloride, Polyquaternium-10, Parfum, Guar Hydroxypropyltrimonium Chloride, Argania Spinosa Kernel Oil, Persea Gratissima Fruit Extract, Hydrolyzed Corn Protein (and) Hydrolyzed Soy Protein (and) Hydrolyzed Wheat Protein, Laureth-2 (and) Myreth-2 (and) Octyldodecanol (and) Cetyl Lactate (and) Prunus Amygdalus Dulcis Oil (and) Zea Mays Oil (and) Gossypium Herbaceum Seed Oil (and) Helianthus Annuus Seed Oil (and) Triticum Vulgare Germ Oil (and) Persea Gratissima Oil (and) Phospholipids (and) Squalene (and) Glyceryl Linoleate (and) Glyceryl Linolenate (and) Tocopheryl Acetate, Astrocaryum Murumuru Seed Butter/Tocopherol, Oenocarpus Bataua Fruit Oil, Theobroma Cacao Extract, Hydrolyzed Rice Protein, Hydrolyzed Wheat Protein, Saccharum Officinarum Extract, Tocopheryl Acetate, Panthenol, Disodium EDTA, Citric Acid, Methylchloroisothiazolinone (and) Methylisothiazolinone, Hexyl Cinnamal. *Sem adi\xe7\xe3o de Cloreto de S\xf3dio            ",True,False,False,False,False,False,Shampoo,14.44657,3.0648096
6,Skala Cosm\xe9ticos,Shampoo Amido de Milho,"\r\n                Aqua, Sodium Laureth Sulfate, Cocamidopropyl Betaine, Glycol Distearate, PEG-90M, Ammonium Chloride, Polyquaternium-10, Parfum, Guar Hydroxypropyltrimonium Chloride, Methylchloroisothiazolinone (and) Methylisothiazolinone, Zea Mays (Corn) Starch, Cocos Nucifera Oil, Shea Butter Cetyl Esters,  Panthenol, Tocopheryl Acetate, Disodium EDTA, Citric Acid, Linalool.            ",True,False,False,False,False,False,Shampoo,11.423963,10.261274
7,Skala Cosm\xe9ticos,Shampoo Anticaspa Prebi\xf3tico 2 em 1,"\r\n                Aqua, Sodium Laureth Sulfate, Cocamidopropyl Betaine, Glycol Distearate, Polyquaternium-10, Ammonium Chloride, Dimethicone, Propylene Glycol, Glycerin, Climbazole, Parfum, Guar Hydroxypropyltrimonium Chloride, Acrylates / C10-30 Alkyl Acrylate Crosspolymer, Methylchloroisothiazolinone (and) Methylisothiazolinone, Aminomethyl Propanol, Disodium EDTA, Laureth-2 (and) Myreth-2 (and) Octyldodecanol (and) Cetyl Lactate (and) Prunus Amygdalus Dulcis Oil (and) Zea Mays Oil (and) Gossypium Herbaceum Seed Oil (and) Helianthus Annuus Seed Oil (and) Triticum Vulgare Germ Oil (and) Persea Gratissima Oil (and) Phospholipids (and) Squalene (and) Glyceryl Linoleate (and) Glyceryl Linolenate (and) Tocopheryl Acetate, Glicerin (and) Methylpropanediol (and) Polysorbate 80 (and) 4-Terpineol (and) Caesalpinia Spinosa Gum (and) Salix  Alba  Bark  Extract,  Aloe Barbadendis Extract, Hydrolyzed Corn Protein (and) Hydrolyzed Soy Protein (and) Hydrolyzed Wheat Protein, Benzyl Salicylate.            ",True,False,False,False,False,False,Shampoo,11.493026,13.380107
8,Skala Cosm\xe9ticos,Shampoo Caju e Murumuru,"\r\n                Aqua, Sodium Laureth Sulfate, Cocamidopropyl Betaine, Glycol Distearate, Polyquaternium-10, PEG-90M, Parfum, Guar Hydroxypropyltrimonium Chloride, Ammonium Chloride, Anacardium Occidentale (Cashew) Extract, Astrocaryum Murumuru Seed Butter (and) Tocopherol, Panthenol, Tocopheryl Acetate, Methylchloroisothiazolinone (and), Methylisothiazolinone, Citric Acid, Disodium EDTA. *Sem Adi\xe7\xe3o de Cloreto de S\xf3dio            ",True,False,False,False,False,False,Shampoo,12.39453,5.46127
9,Skala Cosm\xe9ticos,Shampoo Crespo Divino,"\r\n                Aqua, Sodium Laureth Sulfate, Cocamidopropyl Betaine, Glycol Distearate, Polyquaternium-10,  PEG-90M, Parfum, Guar Hydroxypropyltrimonium Chloride, Hydrolyzed Corn Protein (and)  Hydrolyzed Soy Protein (and) Hydrolyzed Wheat Protein, Porphyra Umbilicalis Extract (and) Caesalpinia Spinosa Gum,  Argania Spinosa Kernel Oil,  Ricinus Communis (Castor) Seed Oil, Ammonium Chloride, Panthenol, Tocopheryl Acetate, Methylchloroisothiazolinone (and) Methylisothiazolinone,  Citric Acid, Dissodium EDTA.            ",True,False,False,False,False,False,Shampoo,14.814814,6.8564143
10,Skala Cosm\xe9ticos,Shampoo Lim\xe3o Siciliano e Capim Santo,"\r\n                Aqua, Sodium Laureth Sulfate, Cocamidopropyl Betaine, Polyquaternium-10, Cocamide MIPA, PEG-120  Methyl Glucose Dioleate, Parfum, PEG-90M, Trideceth-9 (and) PEG-5  Isononanoate,  Citrus Limon (Lemon) Fruit Extract,  Cymbopogon Schoenanthus Extract, Glicerin (and) Water (Aqua)(and) Sodium Benzoate,  Panthenol,  Tocopheryl Acetate, Ammonium Chloride, Methylchloroisothiazolinone (and) Methylisothiazolinone,  Citric Acid, Dissodium EDTA.            ",True,False,False,False,False,False,Shampoo,20.26745,7.3754125
11,Skala Cosm\xe9ticos,Shampoo Ma\xe7\xe3 Verde e Malva,"\r\n                Aqua, Sodium Laureth Sulfate, Cocamidopropyl Betaine, Polyquaternium-10, Cocamide  MIPA, PEG-120  Methyl Glucose Dioleate, PEG-90M, Parfum, Trideceth-9 (and) PEG-5  Isononanoate,   Pyrus   Malus (Apple) Fruit Extract, Sida Cordifolia Extract, Glicerin (and) Water (Aqua)(and) Sodium Benzoate,  Panthenol,  Tocopheryl  Acetate, Ammonium Chloride, Methylchloroisothiazolinone (and) Methylisothiazolinone, Citric Acid, Dissodium EDTA.            ",True,False,False,False,False,False,Shampoo,18.540312,8.381766
12,Skala Cosm\xe9ticos,Shampoo \xd3leo de Argan,"\r\n                Aqua, Sodium Laureth Sulfate, Cocamidopropyl Betaine, Glycol Distearate, Ammonium Chloride, Parfum, Polyquaternium-10, PEG-90M, Guar Hydroxypropyltrimonium Chloride, , Methylchloroisothiazolinone (and) Methylisothiazolinone, Disodium EDTA, Citric Acid, Panthenol, Argania Spinosa Kernel Oil, Tocopheryl Acetate, Benzyl Salicylate, Hexyl Cinnamal.            ",True,False,False,False,False,False,Shampoo,13.867385,9.000866
13,Skala Cosm\xe9ticos,Shampoo \xd3leo de Coco,"\r\n                Aqua,  Sodium  Laureth  Sulfate, Cocamidopropyl  Betaine, Glycol Distearate,  Parfum, Polyquaternium-10, PEG-90M,  Guar Hydroxypropyltrimonium Chloride, Cocos Nucifera Oil, Panthenol, Tocopheryl Acetate, Ammonium Chloride, Methylchloroisothiazolinone (and) Methylisothiazolinone,  Citric Acid,  Disodium EDTA.            ",True,False,False,False,False,False,Shampoo,11.485382,8.658861
14,Skala Cosm\xe9ticos,Shampoo Pitaya e Verbena,"\r\n                Aqua, Sodium Laureth Sulfate, Cocamidopropyl Betaine, Polyquaternium-10, Cocamide  MIPA, PEG-120  Methyl Glucose Dioleate, PEG-90M, Parfum, Trideceth-9 (and) PEG-5  Isononanoate,    Hylocereus  Undatus  Fruit  Extract, Verbena  Officinalis   Leaf   Extract, Glicerin (and) Water (Aqua)(and) Sodium Benzoate, Ammonium Chloride, Panthenol, Tocopheryl  Acetate,  Methylchloroisothiazolinone (and) Methylisothiazolinone,  Citric Acid,  Dissodium EDTA, Amyl Cinnamal.            ",True,False,False,False,False,False,Shampoo,20.240187,9.189755
15,Skala Cosm\xe9ticos,Shampoo Tangerina e Gengibre,"\r\n                Aqua, Sodium Laureth Sulfate, Cocamidopropyl Betaine, Polyquaternium-10, Cocamide MIPA, PEG-120  Methyl Glucose Dioleate, PEG-90M,  Parfum, Trideceth-9 (and) PEG-5  Isononanoate,    Citrus  Tangerina (Tangerine)  Extract,  Zingiber  Officinale  (Ginger)  Root  Extract, Glicerin (and) Water (Aqua)(and) Sodium Benzoate,   Ammonium Chloride, Panthenol, Tocopheryl  Acetate,  Methylchloroisothiazolinone (and) Methylisothiazolinone, Citric Acid, Dissodium EDTA, Hexyl Cinnamal.            ",True,False,False,False,False,False,Shampoo,18.705807,6.4927
16,Skala Cosm\xe9ticos,Shampoo Uso Di\xe1rio,"\r\n                Aqua, Sodium Laureth Sulfate, Cocamidopropyl Betaine, Cocamide MIPA, Polyquaternium-10, PEG-120  Methyl Glucose Dioleate, PEG-90M, Ammonium Chloride, PEG-12 Dimethicone, Propylene Glycol, Sodium Salicylate (and) Caffeine, Zinc PCA, Menthyl Lactate, Parfum, Methylchloroisothiazolinone (and) Methylisothiazolinone, Disodium EDTA,  Citric Acid.*Sem Adi\xe7\xe3o de Cloreto de S\xf3dio            ",True,False,False,False,False,False,Shampoo,17.577898,11.707971
17,Skala Cosm\xe9ticos,Condicionador Condicionador Camomila,"\r\n                Aqua, Cetearyl Alcohol, Shea Butter Cetyl Esters, Glycerin, Stearamidopropyl Dimethylamine, Behentrimonium Chloride, Citric Acid, Disodium Edta, Parfum, Tocopheryl Acetate, Panthenol, Chamomilla Recutita Flower Extract, 2-Bromo-2-Nitropropane-1,3-Diol.            ",False,True,False,False,False,False,Conditioner,1.4085932,9.460725
18,Skala Cosm\xe9ticos,Condicionador Jaborandi,"\r\n                Aqua, Cetearyl Alcohol, Cetrimonium Chloride, Shea Butter Cetyl Esters, Parfum, Pilocarpus Microphyllus Leaf Extract, Camellia Sinensis Leaf Extract, Methylchloroisothiazolinone (and) Methylisothiazolinone, PEG-90M, Citric Acid, Disodium EDTA, Panthenol, Tocopheryl Acetate, Hexyl Cinnamal, Linalool.            ",False,True,False,False,False,False,Conditioner,-0.21488933,5.2343125
19,Skala Cosm\xe9ticos,Condicionador Skala Genetiqs,"\r\n                Aqua, Cetearyl Alcohol, Cetrimonium Chloride,  Shea Butter Cetyl Esters, Stearamidopropyl Dimethylamine, Rhodiola Rosea Root Extract (and) Caesalpinia Spinosa Gum (and) Glycerin,  Parfum,  PEG-90M,  Panthenol,  Tocopheryl Acetate, Citric Acid, Disodium EDTA, Methylchloroisothiazolinone (and) Methylisothiazolinone.            ",False,True,False,False,False,False,Conditioner,-3.6804721,-2.2610724
20,Skala Cosm\xe9ticos,Condicionador #MaisLisos,"\r\n                Aqua, Cetearyl Alcohol, Cetrimonium Chloride, Shea Butter Cetyl Esters, Parfum, PEG-90M,  Hydrolyzed Rice Protein,  Zea Mays (Corn) Starch, Hydrolyzed Wheat Protein (and) Hydrolyzed Soy Protein (and) Carbocysteine (and) Threonine (and) Serine (and) Glutamic Acid, Panthenol, Tocopheryl Acetate, Methylchloroisothiazolinone (and) Methylisothiazolinone, Citric Acid,  Disodium  EDTA, Hexyl Cinnamal, Linalool            ",False,True,False,False,False,False,Conditioner,2.0350256,5.128948
21,Skala Cosm\xe9ticos,Condicionador Abacate,"\r\n                Aqua, Cetearyl Alcohol, Cetrimonium Chloride, Shea Butter Cetyl Esters, Parfum, Methylchloroisothiazolinone (and) Methylisothiazolinone, PEG-90M, Citric Acid, Disodium EDTA, Panthenol, Persea Gratissima Fruit Extract, Ricinus Communis (Castor) Seed Oil, Aloe Barbadensis Extract, Tocopheryl Acetate, Benzyl Alcohol, Hexyl Cinnamal, CI 42.090 (FD&C Blue n\xba1), CI 19.140 (FD&C Yellow n\xba5).            ",False,True,False,False,False,False,Conditioner,5.361168,2.1130254
22,Skala Cosm\xe9ticos,Condicionador Crespinho Divino,"\r\n                Aqua, Cetearyl Alcohol, Cetrimonium Chloride, Shea Butter Cetyl Esters, Parfum Methylchloroisothiazolinone (and) Methylisothiazolinone, Citric Acid, Linum Usitatissimum Seed Oil, Cocos Nucifera Oil, Panthenol, Tocopheryl Acetate.            ",False,True,False,False,False,False,Conditioner,-8.671014,1.9407834
23,Skala Cosm\xe9ticos,Condicionador Bomba de Vitaminas,"\r\n                Aqua, Cetearyl Alcohol, Cetrimonium Chloride, Shea Butter Cetyl Esters, Parfum, PEG-90M, Hyaluronic Acid, Retinyl Palmitate, Tocopheryl Acetate, Panthenol, Argania Spinosa Kernel Oil, Ricinus Communis (Castor) Seed Oil, Hydrolyzed Wheat Protein (and) Hydrolyzed Soy Protein (and) Hydrolyzed Corn Protein, Citric Acid, Disodium EDTA, Methylchloroisothiazolinone (and) Methylisothiazolinone, Citronellol, Geraniol.            ",False,True,False,False,False,False,Conditioner,6.476973,-7.5165534
24,Skala Cosm\xe9ticos,Condicionador #Mais Cachos,"\r\n                Aqua, Cetearyl Alcohol, Cetrimonium Chloride, Shea Butter Cetyl Esters,  Parfum, Ricinus Communis (Castor) Seed Oil,  Argania Spinosa Kernel Oil, PEG-90M, Methylchloroisothiazolinone (and) Methylisothiazolinone, Citric Acid, Disodium EDTA Panthenol, Tocopheryl Acetate.            ",False,True,False,False,False,False,Conditioner,4.0876455,-2.9936013
25,Skala Cosm\xe9ticos,Condicionador 12 em 1,"\r\n                Aqua, Cetearyl Alcohol, Cetrimonium Chloride, Shea Butter Cetyl Esters, Parfum, PEG-90M, Laureth-2 (and) Myreth-2 (and) Octyldodecanol (and) Cetyl Lactate (and) Prunus Amygdalus Dulcis Oil (and) Zea Mays Oil (and) Gossypium Herbaceum Seed Oil (and) Helianthus Annuus Seed Oil (and) Triticum Vulgare Germ Oil (and) Persea Gratissima Oil (and) Phospholipids (and) Squalene (and) Glyceryl Linoleate (and) Glyceryl Linolenate (and) Tocopheryl Acetate, Hydrolyzed Rice Protein, Saccharum Officinarum Extract, Persea Gratissima Fruit Extract, Argania Spinosa Kernel Oil, Theobroma Cacao Seed Butter, Astrocaryum Murumuru Seed Butter/Tocopherol, Oenocarpus Bataua Fruit Oil, Hydrolyzed Wheat Protein, Hydrolyzed Corn Protein (and) Hydrolyzed Soy Protein (and) Hydrolyzed Wheat Protein, Tocopheryl Acetate, Panthenol, Citric Acid, Disodium EDTA, Methylchloroisothiazolinone (and) Methylisothiazolinone, Hexyl Cinnamal.            ",False,True,False,False,False,False,Conditioner,11.721764,-9.112871
26,Skala Cosm\xe9ticos,Condicionador Amido de Milho,"\r\n                Aqua, Cetearyl Alcohol, Cetrimonium Chloride, Shea Butter Cetyl Esters, Parfum, Methylchloroisothiazolinone (and) Methylisothiazolinone, PEG-90M, Panthenol, Zea Mays (Corn) Starch, Cocos Nucifera Oil, Tocopheryl Acetate, Citric Acid, Disodium EDTA.            ",False,True,False,False,False,False,Conditioner,-3.6563587,0.3440243
27,Skala Cosm\xe9ticos,Condicionador Avocado,"\r\n                Aqua, Lavandula Angustifolia (Lavender) Flower/Leaf/Stem Water, Cetearyl Alcohol, Quaternium-91 (and) Cetrimonium Methosulfate (and) Cetearyl Alcohol, Shea Butter Cetyl Esters, Helianthus Annus (Sunflower) Seed Oil, Glycerin, Stearamidopropyl Dimethylamine, Citric Acid, Tocopherol, Benzyl Alcohol (and) Phenoxyethanol, Persea Gratissima (Avocado) Oil, Parfum, Hexyl Cinnamal, CI 19140 (CI Food Yellow 4), CI 15985 (CI Food Yellow 3), CI 42090 (CI Food Blue 2).            ",False,True,False,False,False,False,Conditioner,-7.9270062,-20.59373
28,Skala Cosm\xe9ticos,Condicionador Babosa,"\r\n                Aqua, Cetearyl Alcohol, Cetrimonium Chloride,  Shea Butter Cetyl Esters, Parfum, PEG-90M, Aloe Barbadensis Extract, Panthenol,  Methylchloroisothiazolinone (and) Methylisothiazolinone, Tocopheryl Acetate, Citric Acid, Disodium EDTA, Hexyl Cinnamal.            ",False,True,False,False,False,False,Conditioner,-0.6315565,1.2347609
29,Skala Cosm\xe9ticos,Condicionador Banana e Bacuri,"\r\n                Aqua, Cetearyl Alcohol, Cetrimonium Chloride, Shea Butter Cetyl Esters, Parfum, PEG-90M, Musa Sapientum (Banana) Fruit Extract, Platonia Insignis Seed Butter (and) Tocopherol, Panthenol, Aloe Barbadensis Extract, Methylchloroisothiazolinone (and) Methylisothiazolinone, Citric Acid, Disodium EDTA, Hexyl Cinnamal.            ",False,True,False,False,False,False,Conditioner,-4.7205725,-4.7506223
30,Skala Cosm\xe9ticos,Condicionador Caf\xe9 Verde e Ucuuba,"\r\n                Aqua, Cetearyl Alcohol, Cetrimonium Chloride, Shea Butter Cetyl Esters, PEG-90M, Parfum, Coffea Arabica Seed Extract, Virola Surinamensis Seed Butter (and) Tocopherol, Panthenol, Methylchloroisothiazolinone (and) Methylisothiazolinone, Citric Acid, Disodium EDTA.            ",False,True,False,False,False,False,Conditioner,-1.8814783,-4.577365
31,Skala Cosm\xe9ticos,Condicionador Caju e Murumuru,"\r\n                Aqua, Cetearyl Alcohol, Cetrimonium Chloride, Shea Butter Cetyl Esters, Parfum, PEG-90M, Anacardium Occidentale (Cashew) Extract, Astrocaryum Murumuru Seed Butter/Tocopherol, Methylchloroisothiazolinone (and) Methylisothiazolinone, Panthenol, Citric Acid, Disodium EDTA.            ",False,True,False,False,False,False,Conditioner,0.22793625,-4.4931507
32,Skala Cosm\xe9ticos,Condicionador Ceramidas,"\r\n                Aqua, Cetearyl Alcohol, Cetrimonium Chloride, Shea Butter Cetyl Esters, Parfum, PEG-90M, Ceramidas G3* (Laureth-2 (and) Myreth-2 (and) Octyldodecanol (and) Cetyl Lactate (and) Prunus Amygdalus Dulcis Oil (and) Zea Mays Oil (and) Gossypium Herbaceum Seed Oil (and) Helianthus Annuus Seed Oil (and) Triticum Vulgare Germ Oil (and) Persea Gratissima Oil (and) Phospholipids (and) Squalene (and) Glyceryl Linoleate (and) Glyceryl Linolenate (and) Tocopheryl Acetate), Panthenol, Tocopheryl Acetate, Citric Acid, Disodium EDTA, Methylchloroisothiazolinone (and) Methylisothiazolinone.            ",False,True,False,False,False,False,Conditioner,-0.45584208,-0.8017947
33,Skala Cosm\xe9ticos,Condicionador Crespo Divino,"\r\n                Aqua, Cetearyl Alcohol, Cetrimonium Chloride, Shea Butter Cetyl Esters, Parfum, PEG-90M, Argania Spinosa Kernel Oil, Ricinus Communis (Castor) Seed Oil, Hydrolyzed Corn Protein (and)  Hydrolyzed Soy Protein (and) Hydrolyzed Wheat Protein, Porphyra Umbilicalis Extract (and) Caesalpinia Spinosa Gum,  Panthenol, Tocopheryl Acetate, Methylchloroisothiazolinone (and) Methylisothiazolinone, Citric Acid,  Disodium  EDTA.            ",False,True,False,False,False,False,Conditioner,4.0303006,-0.8885584
34,Skala Cosm\xe9ticos,Condicionador English Garden,"\r\n                Aqua, Lavandula Angustifolia (Lavender) Flower/Leaf/Stem Water, Cetearyl Alcohol, Quaternium-91 (and) Cetrimonium Methosulfate (and) Cetearyl Alcohol, Shea Butter Cetyl Esters, Helianthus Annus (Sunflower) Seed Oil, Glycerin, Stearamidopropyl Dimethylamine, Citric Acid, Tocopherol, Benzyl Alcohol (and) Phenoxyethanol, Citrus Limon (Lemon) Fruit Extract (and) Citrus Aurantium Dulcis Juice, Parfum, Limonene, Eugenol, Geraniol, Hexyl Cinnamal, Linalool.            ",False,True,False,False,False,False,Conditioner,-3.6782103,-22.706968
35,Skala Cosm\xe9ticos,Condicionador English Tea,"\r\n                Aqua, Lavandula Angustifolia (Lavender) Flower/Leaf/Stem Water, Cetearyl Alcohol, Quaternium-91 (and) Cetrimonium Methosulfate (and) Cetearyl Alcohol, Shea Butter Cetyl Esters, Helianthus Annus (Sunflower) Seed Oil, Glycerin, Stearamidopropyl Dimethylamine, Citric Acid, Tocopherol, Benzyl Alcohol (and) Phenoxyethanol, Fragaria Vesca (Strawberry) Fruit Extract (and) Rubus Idaeus (Raspberry) Fruit Extract (and) Malpighia Glabra Fruit Extract, Parfum, Butylphenyl Methylpropional, CI 16185 (CI Food  Red 9), CI 19140 (CI Food Yellow 4)..            ",False,True,False,False,False,False,Conditioner,-7.4504,-22.764854
36,Skala Cosm\xe9ticos,Condicionador Lim\xe3o Siciliano e Capim Santo,"\r\n                Aqua, Cetearyl Alcohol, Cetrimonium Chloride, Shea Butter Cetyl Esters, PEG-90M, Parfum, Citrus Limon (Lemon) Fruit Extract,  Cymbopogon Schoenanthus Extract, Methylchloroisothiazolinone (and) Methylisothiazolinone, Panthenol,  Tocopheryl  Acetate,  Citric  Acid,  Disodium EDTA.            ",False,True,False,False,False,False,Conditioner,-1.2384573,-2.4230745
37,Skala Cosm\xe9ticos,Condicionador Ma\xe7\xe3 Verde e Malva,"\r\n                Aqua, Cetearyl Alcohol, Cetrimonium Chloride, Shea Butter Cetyl Esters,  PEG-90M,  Parfum,  Pyrus Malus (Apple) Fruit Extract,  Sida Cordifolia Extract, Panthenol,  Tocopheryl  Acetate,  Methylchloroisothiazolinone (and) Methylisothiazolinone, Citric Acid,  Disodium EDTA.            ",False,True,False,False,False,False,Conditioner,1.0398575,-2.3359234
38,Skala Cosm\xe9ticos,Condicionador Manga e Castanha-do-Par\xe1,"\r\n                Aqua, Cetearyl Alcohol, Cetrimonium Chloride, Shea Butter Cetyl Esters, Parfum, PEG-90M, Bertholletia Excelsa Seed Oil, Mangifera Indica Seed Butter, Panthenol, Methylchloroisothiazolinone (and) Methylisothiazolinone, Citric Acid, Disodium EDTA.            ",False,True,False,False,False,False,Conditioner,-2.4511082,-6.6164317
39,Skala Cosm\xe9ticos,Condicionador Manteiga de Karit\xe9,"\r\n                Aqua, Cetearyl Alcohol, Cetrimonium Chloride, Parfum, Shea Butter Cetyl Esters, Methylchloroisothiazolinone (and) Methylisothiazolinone, PEG-90M, Citric Acid, Disodium EDTA, Panthenol, Tocopheryl Acetate, Benzyl Salicylate, Butylphenyl Methylpropional, Hexyl Cinnamal.            ",False,True,False,False,False,False,Conditioner,-1.2245004,3.2957752
40,Skala Cosm\xe9ticos,Condicionador Maracuj\xe1 e \xd3leo de Patau\xe1,"\r\n                Aqua, Cetearyl Alcohol, Cetrimonium Chloride, Shea Butter Cetyl Esters, Parfum, PEG-90M, Passiflora Incarnata Fruit Extract, Oenocarpus Bataua Fruit Oil, Methylchloroisothiazolinone (and) Methylisothiazolinone, Panthenol, Citric Acid, Disodium EDTA.            ",False,True,False,False,False,False,Conditioner,-0.16812566,-6.797946
41,Skala Cosm\xe9ticos,Condicionador \xd3leo de Argan,"\r\n                Aqua, Cetearyl Alcohol, Cetrimonium Chloride, Parfum, Shea Butter Cetyl Esters, Methylchloroisothiazolinone (and) Methylisothiazolinone, PEG-90M, Citric Acid, Disodium EDTA, Panthenol, Argania Spinosa Kernel Oil, Tocopheryl Acetate, Benzyl Salicylate, Hexyl Cinnamal.            ",False,True,False,False,False,False,Conditioner,-2.5620646,2.4834156
42,Skala Cosm\xe9ticos,Condicionador \xd3leo de Coco,"\r\n                Aqua, Cetearyl Alcohol, Cetrimonium Chloride, Shea Butter Cetyl Esters, PEG-90M, Parfum, Cocos Nucifera Oil, Panthenol, Tocopheryl Acetate, Methylchloroisothiazolinone (and) Methylisothiazolinone, Citric Acid, Disodium EDTA.            ",False,True,False,False,False,False,Conditioner,-2.316978,-0.5288389
43,Skala Cosm\xe9ticos,Condicionador Pepper Force,"\r\n                Aqua, Lavandula Angustifolia (Lavender) Flower/Leaf/Stem Water, Cetearyl Alcohol, Quaternium-91 (and) Cetrimonium Methosulfate (and) Cetearyl Alcohol, Shea Butter Cetyl Esters, Helianthus Annus (Sunflower) Seed Oil, Glycerin, Stearamidopropyl Dimethylamine, Citric Acid, Tocopherol, Benzyl Alcohol (and) Phenoxyethanol, Glycerin (and)  Capsicum Annuum Fruit Extract (and) Xanthan Gum, Parfum, Eugenol, CI 16255 (CI Food  Red 7), CI 19140(CI Food Yellow 4).            ",False,True,False,False,False,False,Conditioner,-3.2748709,-20.77646
44,Skala Cosm\xe9ticos,Condicionador Pitaya e Verbena,"\r\n                Aqua, Cetearyl Alcohol, Cetrimonium Chloride, Shea Butter Cetyl Esters,  PEG-90M,  Parfum, Hylocereus  Undatus   Fruit Extract, Verbena Officinalis  Leaf  Extract,  Panthenol, Tocopheryl  Acetate,  Methylchloroisothiazolinone (and) Methylisothiazolinone, Citric Acid, Disodium EDTA.            ",False,True,False,False,False,False,Conditioner,1.4114538,-0.11652497
45,Skala Cosm\xe9ticos,Condicionador Rose Essence,"\r\n                Aqua, Lavandula Angustifolia (Lavender) Flower/Leaf/Stem Water, Cetearyl Alcohol, Quaternium-91 (and) Cetrimonium Methosulfate (and) Cetearyl Alcohol, Shea Butter Cetyl Esters, Helianthus Annus (Sunflower) Seed Oil, Glycerin, Stearamidopropyl Dimethylamine, Citric Acid, Tocopherol, Benzyl Alcohol (and) Phenoxyethanol, Rosa Hybrid Flower Extract, Parfum, Citronellol, Geraniol, Linalool, CI 16185 (CI Food Red 9), CI 16035 (CI Food  Red 17).            ",False,True,False,False,False,False,Conditioner,-5.605591,-23.896118
46,Skala Cosm\xe9ticos,Condicionador Sicilian Lemon,"\r\n                Aqua, Lavandula Angustifolia (Lavender) Flower/Leaf/Stem Water, Cetearyl Alcohol, Quaternium-91 (and) Cetrimonium Methosulfate (and) Cetearyl Alcohol, Shea Butter Cetyl Esters, Helianthus Annus (Sunflower) Seed Oil, Glycerin, Stearamidopropyl Dimethylamine, Citric Acid, Tocopherol, Benzyl Alcohol (and) Phenoxyethanol, Citrus Limon (Lemon) Fruit Extract, Parfum, Geraniol, Limonene, CI 19140 (CI Food Yellow 4), CI 15985 (CI Food  Yellow 3), CI 42090 (CI Food Blue 2).            ",False,True,False,False,False,False,Conditioner,-6.7408013,-19.533197
47,Skala Cosm\xe9ticos,Condicionador Tangerina e Gengibre,"\r\n                Aqua, Cetearyl Alcohol, Cetrimonium Chloride, Shea Butter Cetyl Esters, PEG-90M, Parfum, Citrus Tangerina (Tangerine) Extract, Zingiber Officinale (Ginger) Root Extract, Panthenol, Tocopheryl Acetate,  Methylchloroisothiazolinone (and) Methylisothiazolinone, Citric Acid,  Disodium EDTA, Hexyl Cinnamal.            ",False,True,False,False,False,False,Conditioner,1.0161082,2.6103804
48,Skala Cosm\xe9ticos,Condicionador Yellow Pear,"\r\n                Aqua, Lavandula Angustifolia (Lavender) Flower/Leaf/Stem Water, Cetearyl Alcohol, Quaternium-91 (and) Cetrimonium Methosulfate (and) Cetearyl Alcohol, Shea Butter Cetyl Esters, Helianthus Annus (Sunflower) Seed Oil, Glycerin, Stearamidopropyl Dimethylamine, Citric Acid, Tocopherol, Benzyl Alcohol (and) Phenoxyethanol, Pyrus Communis (Pear) Fruit Extract, Parfum, Linalool, CI 16255 (CI Food  Red 7), CI 15985 (CI Food  Yellow 3).            ",False,True,False,False,False,False,Conditioner,-5.535543,-21.515924
49,Skala Cosm\xe9ticos,Creme de Tratamento Jaborandi,"\r\n                Aqua, Cetearyl Alcohol, Cetrimonium Chloride, Stearamidopropyl Dimethylamine, Shea Butter Cetyl Esters, Parfum, Pilocarpus Microphyllus Leaf Extract, Camellia Sinensis Leaf Extract, Methylchloroisothiazolinone (and) Methylisothiazolinone, Citric Acid, Panthenol, Tocopheryl Acetate, Citronellol, Hexyl Cinnamal, Linalool.            ",False,False,True,False,False,False,Mask,-9.673005,-3.5694103
50,Skala Cosm\xe9ticos,Creme de Tratamento Skala Genetiqs,"\r\n                Aqua, Cetearyl Alcohol, Cetrimonium Chloride,  Stearamidopropyl Dimethylamine, Shea Butter Cetyl Esters,  Parfum, Rhodiola Rosea Root Extract (and) Caesalpinia Spinosa Gum (and) Glycerin,  Panthenol,  Tocopheryl Acetate,   Citric Acid, Disodium EDTA, Methylchloroisothiazolinone (and) Methylisothiazolinone.            ",False,False,True,False,False,False,Mask,-5.173524,-1.5920781
51,Skala Cosm\xe9ticos,Creme de Tratamento #MaisCrespos,"\r\n                Aqua, Cetearyl Alcohol, Cetrimonium Chloride, Stearamidopropyl Dimethylamine, Shea Butter Cetyl Esters, Parfum, Argania Spinosa Kernel Oil, Cocos Nucifera Oil, Oenocarpus Bataua Fruit Oil Amaranthus Caudatus Seed Extract (and) Zea Mays Starch, Tocopheryl Acetate, Panthenol, Methylchloroisothiazolinone (and) Methylisothiazolinone, Citric Acid, Amyl Cinnamal, Bezyl Salicylate, Butylphenyl Methylpropional, Coumarin, D-Limonene, Linalool.            ",False,False,True,False,False,False,Mask,-13.630576,-3.1970487
52,Skala Cosm\xe9ticos,Creme de Tratamento #MaisLisos,"\r\n                Aqua, Cetearyl Alcohol, Cetrimonium Chloride, Stearamidopropyl Dimethylamine, Shea Butter Cetyl Esters, Parfum, Hydrolyzed Rice Protein, Zea Mays (Corn) Starch, Hydrolyzed Wheat Protein (and) Hydrolyzed Soy Protein (and) Carbocysteine (and) Threonine (and) Serine (and) Glutamic Acid, Tocopheryl Acetate, Panthenol, Methylchloroisothiazolinone (and) Methylisothiazolinone,  Citric  Acid, Alpha-isomethyl Ionone, Benzyl Salicylate, Butylphenyl Methylpropional, Citronellol, Geraniol, Hexyl Cinnamal, Hydroxyisohexyl 3-cyclohexene Carboxaldehyde, Limonene, Linalool.            ",False,False,True,False,False,False,Mask,-6.943334,13.449577
53,Skala Cosm\xe9ticos,Creme de Tratamento Abacate,"\r\n                Aqua, Cetearyl Alcohol, Cetrimonium Chloride, Shea Butter Cetyl Esters, Glyceryl Stearate, Parfum, Methylchloroisothiazolinone (and) Methylisothiazolinone, Citric Acid, Panthenol, Persea Gratissima Fruit Extract, Ricinus Communis (Castor) Seed Oil, Aloe Barbadensis Extract, Tocopheryl Acetate, Benzyl alcohol, Hexyl Cinnamal, CI 42.090 (FD&C Blue n\xba1), CI 19.140 (FD&C Yellow n\xba5).            ",False,False,True,False,False,False,Mask,5.757323,3.5633457
54,Skala Cosm\xe9ticos,Creme de Tratamento Banho de Cristal,"\r\n                Aqua, Cetearyl Alcohol, Cetrimonium Chloride, Glyceryl Stearate, Shea Butter Cetyl Esthers, Parfum, Methylchloroisothiazolinone (and) Methylisothiazolinone, Citric Acid, Cinnamomum Zeylanicum Bark Extract (and) Acorus Calamus Root Extract (and) Commiphora Myrrha Resin Extract (and) Olea Europaea Fruit Oil, Panthenol, Tocopheryl Acetate.            ",False,False,True,False,False,False,Mask,-7.164837,4.321113
55,Skala Cosm\xe9ticos,Creme de Tratamento Maionese Capilar Nutritiva,"\r\n                Aqua, Cetearyl Alcohol, Cetrimonium Chloride, Stearamidopropyl Dimethylamine, Shea Butter Cetyl Esters, Parfum, Daucus Carota Sativa (Carrot) oil, Molasses Extract (Saccharum Officinarum L), Amaranthus Caudatus Seed Extract (and) Zea Mays Starch, Ricinus Communis (Castor) Seed Oil, Panthenol, Tocopheryl Acetate, Methylchloroisothiazolinone (and) Methylisothiazolinone, Styrene/Acrylamide Copolymer, Citric Acid, Coumarin, Linalool, CI 19.140, CI 15.985.            ",False,False,True,False,False,False,Mask,-16.591646,1.2581223
56,Skala Cosm\xe9ticos,Creme de Tratamento Pot\xe3o do Amor,"\r\n                Aqua, Cetearyl Alcohol, Cetrimonium Chloride, Stearamidopropyl Dimethylamine, Shea Butter Cetyl Esters, Parfum,  Hydrolyzed Rice Protein, Theobroma Cacao Seed Butter, Cinnamomum Zeylanicum Bark Extract (and) Acorus Calamus Root Extract (and) Commiphora Myrrha Resin Extract (and) Olea Europaea Fruit Oil, Laureth-2 (and) Myreth-2 (and) Octyldodecanol (and) Cetyl Lactate (and) Prunus Amygdalus Dulcis Oil (and) Zea Mays Oil (and) Gossypium Herbaceum Seed Oil (and) Helianthus Annuus Seed Oil (and) Triticum Vulgare Germ Oil (and) Persea Gratissima Oil (and) Phospholipids (and) Squalene (and) Glyceryl Linoleate (and) Glyceryl Linolenate (and) Tocopheryl Acetate, Cocos Nucifera Oil, Hydrolyzed Soy Protein, Porphyra Umbilicalis Extract (and) Caesalpinia Spinosa Gum, Hydrolyzed Wheat Protein, Hydrolyzed Corn Protein (and)  Hydrolyzed Soy Protein (and) Hydrolyzed Wheat Protein, Argania Spinosa Kernel Oil, Ricinus Communis (Castor) Seed Oil, Vegetable Milk (Cocos Nucifera (Coconut) Fruit Extract  (and) Cocos Nucifera (Coconut) Oil), Tocopheryl Acetate,  Panthenol, Methylchloroisothiazolinone (and) Methylisothiazolinone, Citric Acid, Hexyl Cinnamal, Linalool.            ",False,False,True,False,False,False,Mask,-16.418001,-6.331542
57,Skala Cosm\xe9ticos,Creme de Tratamento Bomba de Vitaminas,"\r\n                Aqua, Cetearyl Alcohol, Cetrimonium Chloride, Glyceryl Stearate, Shea Butter Cetyl Esters, Parfum, Hyaluronic Acid, Retinyl Palmitate, Tocopheryl Acetate, Panthenol, Argania Spinosa Kernel Oil, Ricinus Communis (Castor) Seed Oil, Hydrolyzed Wheat Protein (and) Hydrolyzed Soy Protein (and) Hydrolyzed Corn Protein, Citric Acid, Methylchloroisothiazolinone (and) Methylisothiazolinone, Citronellol, Geraniol            ",False,False,True,False,False,False,Mask,6.07585,-9.154815
58,Skala Cosm\xe9ticos,Creme de Tratamento #Mais Cachos,"\r\n                Aqua, Cetearyl Alcohol, Cetrimonium Chloride, Stearamidopropyl Dimethylamine, Shea Butter Cetyl Esters, Parfum, Glycerin, Ricinus Communis (Castor) Seed Oil, Methylchloroisothiazolinone (and) Methylisothiazolinone, Argania Spinosa Kernel Oil, Citric Acid, Tocopheryl Acetate, Panthenol, Coumarin, Linalool.            ",False,False,True,False,False,False,Mask,-15.885075,-1.4777696
59,Skala Cosm\xe9ticos,Creme de Tratamento 12 em 1,"\r\n                Aqua, Cetearyl Alcohol, Cetrimonium Chloride, Glyceryl Stearate, Shea Butter Cetyl Esters, Parfum, Laureth-2 (and) Myreth-2 (and) Octyldodecanol (and) Cetyl Lactate (and) Prunus Amygdalus Dulcis Oil (and) Zea Mays Oil (and) Gossypium Herbaceum Seed Oil (and) Helianthus Annuus Seed Oil (and) Triticum Vulgare Germ Oil (and) Persea Gratissima Oil (and) Phospholipids (and) Squalene (and) Glyceryl Linoleate (and) Glyceryl Linolenate (and) Tocopheryl Acetate, Hydrolyzed Rice Protein, Saccharum Officinarum Extract, Persea Gratissima Fruit Extract, Argania Spinosa Kernel Oil, Theobroma Cacao Seed Butter, Astrocaryum Murumuru Seed Butter/Tocopherol, Oenocarpus Bataua Fruit Oil, Hydrolyzed Wheat Protein, Hydrolyzed Corn Protein (and) Hydrolyzed Soy Protein (and) Hydrolyzed Wheat Protein, Panthenol, Tocopheryl Acetate, Citric Acid, Methylchloroisothiazolinone (and) Methylisothiazolinone, Hexyl Cinnamal.            ",False,False,True,False,False,False,Mask,10.517609,-7.4054136
60,Skala Cosm\xe9ticos,Creme de Tratamento Amido de Milho,"\r\n                Aqua, Cetearyl Alcohol, Cetrimonium Chloride, Stearamidopropyl Dimethylamine, Shea Butter Cetyl Esters, Zea Mays (Corn) Starch, Parfum, Methylchloroisothiazolinone (and) Methylisothiazolinone, Disodium EDTA, Citric Acid, Cocos Nucifera Oil, Panthenol, Tocopheryl Acetate, Butylphenyl Methylpropional, Linalool.            ",False,False,True,False,False,False,Mask,-11.139867,-1.2701446
61,Skala Cosm\xe9ticos,Creme de Tratamento Babosa,"\r\n                Aqua, Cetearyl Alcohol, Cetrimonium Chloride, Stearamidopropyl Dimethylamine, Shea Butter Cetyl Esters, Parfum, Aloe Barbadensis Extract, Panthenol, Methylchloroisothiazolinone (and) Methylisothiazolinone, Citric Acid, Tocopheryl Acetate, Hexyl Cinnamal.            ",False,False,True,False,False,False,Mask,-7.234977,-2.4554784
62,Skala Cosm\xe9ticos,Creme de Tratamento Banana e Bacuri,"\r\n                Aqua, Cetearyl Alcohol, Cetrimonium Chloride, Stearamidopropyl Dimethylamine, Shea Butter Cetyl Esters, Parfum, Musa Sapientum (Banana) Fruit Extract, Platonia Insignis Seed Butter (and) Tocopherol, Panthenol, Aloe Barbadensis Extract, Methylchloroisothiazolinone (and) Methylisothiazolinone, Citric Acid, Hexyl Cinnamal, Linalool.            ",False,False,True,False,False,False,Mask,-7.054592,-4.7028484
63,Skala Cosm\xe9ticos,Creme de Tratamento Caf\xe9 Verde e Ucuuba,"\r\n                Aqua, Cetearyl Alcohol, Cetrimonium Chloride, Stearamidopropyl Dimethylamine, Shea Butter Cetyl Esters, Parfum, Coffea Arabica Seed Extract, Virola Surinamensis Seed Butter (and) Tocopherol, Methylchloroisothiazolinone (and) Methylisothiazolinone, Panthenol, Citric Acid, Disodium EDTA, Benzyl Salicylate, Hexyl Cinnamal, Linalool, Alpha-Isomethyl Ionone.            ",False,False,True,False,False,False,Mask,-7.4765787,-7.2384257
64,Skala Cosm\xe9ticos,Creme de Tratamento Caju e Murumuru,"\r\n                Aqua, Cetearyl Alcohol, Cetrimonium Chloride, Stearamidopropyl Dimethylamine, Shea Butter Cetyl Esters, Parfum, Anacardium Occidentale (Cashew) Extract, Astrocaryum Murumuru Seed Butter/Tocopherol,  Methylchloroisothiazolinone (and) Methylisothiazolinone, Citric Acid, Disodium EDTA,  Panthenol,   Hexyl Cinnamal, Alpha-Isomethyl Ionone, Isoeugenol.            ",False,False,True,False,False,False,Mask,-10.69333,6.629949
65,Skala Cosm\xe9ticos,Creme de Tratamento Ceramidas,"\r\n                Aqua, Cetearyl Alcohol, Cetrimonium Chloride, Shea Butter Cetyl Esters, Glyceryl Stearate, Parfum, Ceramidas G\xb3* (Laureth-2 (and) Mireth-2 (and) Octyldodecanol (and) Cetyl Lactate (and) Prunus Amygdalus Dulcis Oil (and) Zea Mays Oil (and) Gossypium Herbaceum Seed Oil (and) Helianthus Annuus Seed Oil (and) Triticum Vulgare Germ Oil (and) Persea Gratissima Oil (and) Phospholipids (and) Squalene (and) Glyceryl Linoleate (and) Glyceryl Linolenate (and) Tocopheryl Acetate), Panthenol, Tocopheryl Acetate, Citric Acid, Methylchloroisothiazolinone (and) Methylisothiazolinone.            ",False,False,True,False,False,False,Mask,-5.786157,2.6624851
66,Skala Cosm\xe9ticos,Creme de Tratamento Coquetel Brasil,"\r\n                Aqua, Cetearyl Alcohol, Cetrimonium Chloride, Stearamidopropyl Dimethylamine, Astrocaryum Vulgare Kernel Oil (and) Tocopherol, Parfum, Euterpe Oleracea Fruit Extract, Molasses Extract (Saccharum Officinarum L), Paullinia Cupana Seed Extract, Methylchloroisothiazolinone (and) Methylisothiazolinone, Citric Acid, Panthenol, Alpha-Isomethyl Ionone.            ",False,False,True,False,False,False,Mask,-9.542802,-10.028903
67,Skala Cosm\xe9ticos,Creme de Tratamento Coquetel de Frutas,"\r\n                Aqua, Cetearyl Alcohol, Cetrimonium Chloride, Shea Butter Cety Esters, Parfum, Methylchloroisothiazolinone (and) Methylisothiazolinone, Ananas Sativus (Pineapple) Fruit Extract, Cocos Nucifera Fruit Juice, Morus Nigra Fruit Extract, Citric Acid,  CI 16.255, CI 19.140, CI 77.019/77.891.            ",False,False,True,False,False,False,Mask,0.8032602,-11.254999
68,Skala Cosm\xe9ticos,Creme de Tratamento Divino Pot\xe3o,"\r\n                Aqua, Cetearyl Alcohol, Cetrimonium Chloride, Stearamidopropyl Dimethylamine, Shea Butter Cetyl Esters, Parfum, Methylchloroisothiazolinone (and) Methylisothiazolinone, Disodium EDTA, Citric Acid, Porphyra Umbilicalis Extract (and) Caesalpinia Spinosa Gum, Ricinus Communis (Castor) Seed Oil, Argania Spinosa Kernel Oil, Hydroxypropyltrimonium Corn/Wheat/Soy Amino Acids, Panthenol, Tocopheryl Acetate, Benzyl Benzoate, Benzyl Salicylate, Coumarin, Hexyl Cinnamal, Limonene, Alpha-isomethyl Ionone, Butylphenyl Methylpropional.            ",False,False,True,False,False,False,Mask,-14.75314,9.6913595
69,Skala Cosm\xe9ticos,Creme de Tratamento Divino Potinho Kids,"\r\n                Aqua, Cetearyl Alcohol, Cetrimonium Chloride, Stearamidopropyl Dimethylamine, Shea Butter Cetyl Esters, Parfum, Cocos Nucifera Oil, Linum Usitatissimum Seed Oil, Panthenol, Tocopheryl, Acetate, Methylchloroisothiazolinone (and) Methylisothiazolinone, Citric Acid, Alpha-Isomethyl Ionone.            ",False,False,True,False,False,False,Mask,-11.393934,-6.9906483
70,Skala Cosm\xe9ticos,Creme de Tratamento Dona Skala,"\r\n                Aqua, Cetearyl Alcohol, Cetrimonium Chloride, Glyceryl Stearate, Shea Butter Cetyl Esters, Linum Usitatissimum Seed Oil, Stearamidopropyl Dimethylamine, Zea Mays (Corn) Starch, Parfum, Helianthus Annus (Sunflower) Seed Oil, Cocos Nucifera Oil, Persea Gratissima (Avocado) Oil, Panthenol, Tocopheryl Acetate, Citric Acid, Methylchloroisothiazolinone (and) Methylisothiazolinone, Dissodium Edta.            ",False,False,True,False,False,False,Mask,-13.105679,3.820906
71,Skala Cosm\xe9ticos,Creme de Tratamento Leite Vegetal,"\r\n                Aqua, Cetearyl Alcohol, Cetrimonium Chloride, Glyceryl Stearate, Shea Butter Cetyl Esthers, Parfum, Methylchloroisothiazolinone (and) Methylisothiazolinone, Citric Acid, Vegetable Milk (Cocos Nucifera (Coconut) Fruit Extract (and) Nucifera (Coconut) Oil), Panthenol, Tocopheryl Acetate.            ",False,False,True,False,False,False,Mask,-7.460556,5.7585864
72,Skala Cosm\xe9ticos,Creme de Tratamento Manga e Castanha-do-Par\xe1,"\r\n                Aqua, Cetearyl Alcohol, Cetrimonium Chloride, Stearamidopropyl Dimethylamine, Shea Butter Cetyl Esters, Parfum, Bertholletia Excelsa Seed Oil, Mangifera Indica Seed Butter, Methylchloroisothiazolinone (and) Methylisothiazolinone, Citric Acid, Disodium EDTA, Panthenol, Limonene, Linalool.            ",False,False,True,False,False,False,Mask,-3.5847573,-8.580515
73,Skala Cosm\xe9ticos,Creme de Tratamento Manteiga de Karit\xe9,"\r\n                Aqua, Cetearyl Alcohol, Cetrimonium Chloride, Glyceryl Stearate, Shea Butter Cetyl Esthers, Parfum, Methylchloroisothiazolinone (and) Methylisothiazolinone, Citric Acid, Panthenol, Tocopheryl Acetate, Benzyl Salicylate, Butylphenyl Methylpropional, Hexyl Cinnamal.            ",False,False,True,False,False,False,Mask,-5.3307114,6.0877795
74,Skala Cosm\xe9ticos,Creme de Tratamento Maracuj\xe1 e \xd3leo de Patau\xe1,"\r\n                Aqua, Cetearyl Alcohol, Cetrimonium Chloride, Stearamidopropyl Dimethylamine, Shea Butter Cetyl Esters, Parfum, Passiflora Incarnata Fruit Extract, Oenocarpus Bataua Fruit Oil, Methylchloroisothiazolinone (and) Methylisothiazolinone, Citric Acid, Disodium EDTA, Panthenol, Alpha-Isomethyl Ionone, Linalool.            ",False,False,True,False,False,False,Mask,-6.0299783,-8.903901
75,Skala Cosm\xe9ticos,Creme de Tratamento \xd3leo de Argan,"\r\n                Aqua, Cetearyl Alcohol, Cetrimonium Chloride, Glyceryl Stearate, Shea Butter Cetyl Esters, Parfum, Methylchloroisothiazolinone (and) Methylisothiazolinone, Citric Acid, Argania Spinosa Kernel Oil, Panthenol, Tocopheryl Acetate, Benzyl Salicylate, Hexyl Cinnamal.            ",False,False,True,False,False,False,Mask,-4.0812664,4.2725286
76,Skala Cosm\xe9ticos,Creme de Tratamento \xd3leo de Coco,"\r\n                Aqua, Cetearyl Alcohol, Cetrimonium Chloride, Shea Butter Cetyl  Esters,  Parfum, Methylchloroisothiazolinone (and) Methylisothiazolinone, Citric Acid,  Panthenol, Cocos Nucifera Oil, Tocopheryl Acetate.            ",False,False,True,False,False,False,Mask,-6.4846725,0.7760634
77,Skala Cosm\xe9ticos,Creme de Tratamento Pepper Force,"\r\n                Aqua, Lavandula Angustifolia (Lavender) Flower/Leaf/Stem Water, Cetearyl Alcohol, Quaternium-91 (and) Cetrimonium Methosulfate (and) Cetearyl Alcohol, Shea Butter Cetyl Esters, Helianthus Annus (Sunflower) Seed Oil, Glycerin, Zea Mays Starch (and) Cystoseira Compressa Extract, Stearamidopropyl Dimethylamine, Citric Acid, Tocopherol, Benzyl Alcohol (and) Phenoxyethanol, Glycerin (and)  Capsicum Annuum Fruit Extract (and) Xanthan Gum, Parfum, Eugenol, Limonene.            ",False,False,True,False,False,False,Mask,-4.3411746,-19.496294
78,Skala Cosm\xe9ticos,Creme de Tratamento Pot\xe3o Desmaiado,"\r\n                Aqua, Cetearyl Alcohol, Cetrimonium Chloride, Stearamidopropyl Dimethylamine, Shea Butter Cetyl Esters, Parfum, Methylchloroisothiazolinone (and) Methylisothiazolinone, Disodium EDTA, Citric Acid, Argania Spinosa Kernel Oil, Ricinus Communis (Castor) Seed Oil, Cocos Nucifera Oil, Panthenol, Tocopheryl Acetate, Hexyl Cinnamal, Hydroxycitronellal.            ",False,False,True,False,False,False,Mask,-8.573766,-0.65973175
79,Skala Cosm\xe9ticos,Creme de Tratamento Tangerina e Gengibre,"\r\n                Aqua, Cetearyl Alcohol, Cetrimonium Chloride, Shea Butter Cetyl Esters,  Parfum, Citrus Tangerina (Tangerine) Extract,  Zingiber  Officinale  (Ginger) Root Extract, Panthenol, Tocopheryl Acetate, Methylchloroisothiazolinone (and) Methylisothiazolinone,  Citric Acid, Hexyl Cinnamal, Limonene, Linalool.            ",False,False,True,False,False,False,Mask,-2.2902164,7.1820874
80,Skala Cosm\xe9ticos,Creme para Pentear Skala Genetiqs,"\r\n                Aqua, Cetearyl Alcohol, Cetrimonium Chloride, Linum Usitatissimum Seed Extract (and) Algin (and) Glyceryl Oleate Citrate (and) Caprylic/Capric Triglyceride, Stearamidopropyl Dimethylamine, Shea Butter Cetyl Esters, Parfum, Rhodiola Rosea Root Extract (and) Caesalpinia Spinosa Gum (and) Glycerin,  Panthenol, Tocopheryl Acetate, Citric Acid, Disodium EDTA, Benzyl Alcohol  (and) Phenoxyethanol, Alpha-Isomethyl Ionone, Citronellol, Hexyl Cinnamal, Hydroxycitronellal, Limonene, Linalool.            ",False,False,False,True,False,False,Comb_cream,-8.56885,10.169066
81,Skala Cosm\xe9ticos,Creme para Pentear Bomba de Vitaminas,"\r\n                Aqua, Cetearyl Alcohol, Cetrimonium Chloride, Shea Butter Cetyl Esters, Linum Usitatissimum Seed Extract (and) Algin (and) Glyceryl Oleate Citrate (and) Caprylic/Capric Triglyceride, Parfum, Hyaluronic Acid, Retinyl Palmitate, Tocopheryl Acetate, Panthenol, Argania Spinosa Kernel Oil, Ricinus Communis (Castor) Seed Oil, Hydrolyzed Wheat Protein (and) Hydrolyzed Soy Protein (and) Hydrolyzed Corn Protein, Citric Acid, Benzyl Alcohol (and) Phenoxyethanol, Citronellol, D-Limonene, Geraniol, Linalool.            ",False,False,False,True,False,False,Comb_cream,-9.070819,-14.552059
82,Skala Cosm\xe9ticos,Creme para Pentear #Mais Cachos,"\r\n                Aqua, Cetearyl Alcohol, Cetrimonium Chloride, Linum Usitatissimum Seed Extract (and) Algin (and) Glyceryl Oleate Citrate (and) Caprylic/Capric Triglyceride, Stearamidopropyl Dimethylamine, Shea Butter Cetyl Esters, Parfum, Ricinus Communis (Castor) Seed Oil, Methylchloroisothiazolinone (and) Methylisothiazolinone, Argania Spinosa Kernel Oil, Citric Acid, Tocopheryl Acetate, Panthenol, Coumarin, Linalool.            ",False,False,False,True,False,False,Comb_cream,-14.784784,-0.65035444
83,Skala Cosm\xe9ticos,Creme para Pentear Abacate,"\r\n                Aqua, Cetearyl Alcohol, Cetrimonium Chloride, Shea Butter Cetyl Esters, Linum Usitatissimum Seed Extract (and) Algin (and) Glyceryl Oleate Citrate (and) Caprylic/Capric Triglyceride, Parfum, Methylchloroisothiazolinone (and) Methylisothiazolinone, Citric Acid, Panthenol, Persea Gratissima Fruit Extract, Ricinus Communis (Castor) Seed Oil, Aloe Barbadensis Extract, Tocopheryl Acetate, Alpha-isomethyl Ionone, Amyl Cinnamal, Benzyl Alcohol, Benzyl Salicylate, Citronellol, Hexyl Cinnamal, Linalool.            ",False,False,False,True,False,False,Comb_cream,-3.732796,10.889119
84,Skala Cosm\xe9ticos,Creme para Pentear Amido de Milho,"\r\n                Aqua, Cetearyl Alcohol, Cetrimonium Chloride, Stearamidopropyl Dimethylamine, Shea Butter Cetyl Esters, Linum Usitatissimum Seed Extract (and) Algin (and) Glyceryl Oleate Citrate (and) Caprylic/Capric Triglyceride, Parfum, Cocos Nucifera Oil, Zea Mays (Corn) Starch, Methylchloroisothiazolinone (and) Methylisothiazolinone, Citric Acid, Tocopheryl Acetate, Panthenol, Linalool.            ",False,False,False,True,False,False,Comb_cream,-11.69356,0.3642047
85,Skala Cosm\xe9ticos,Creme para Pentear Ceramidas,"\r\n                Aqua, Cetearyl Alcohol, Cetrimonium Chloride, Linum Usitatissimum Seed Extract (and) Algin (and) Glyceryl Oleate Citrate (and) Caprylic/Capric Triglyceride,Shea Butter Cetyl Esters, Parfum, Methylchloroisothiazolinone (and) Methylisothiazolinone, Citric Acid, Ceramidas G3* (Laureth-2 (and) Myreth-2 (and) Octyldodecanol (and) Cetyl Lactate (and) Prunus Amygdalus Dulcis Oil (and) Zea Mays Oil (and) Gossypium Herbaceum Seed Oil (and) Helianthus Annuus Seed Oil (and) Triticum Vulgare Germ Oil (and) Persea Gratissima Oil (and) Phospholipids (and) Squalene (and) Glyceryl Linoleate (and) Glyceryl Linolenate, Panthenol, Tocopheryl Acetate, Alpha-isomethyl Ionone, Citronellol, Hexyl Cinnamal, Linalool.            ",False,False,False,True,False,False,Comb_cream,-5.725251,9.633625
86,Skala Cosm\xe9ticos,Creme para Pentear Crespo Divino,"\r\n                Aqua, Cetearyl Alcohol, Cetrimonium Chloride, Linum Usitatissimum Seed Extract (and) Algin (and) Glyceryl Oleate Citrate (and) Caprylic/Capric Triglyceride, Stearamidopropyl Dimethylamine, Shea Butter Cetyl Esters, Parfum, Methylchloroisothiazolinone (and) Methylisothiazolinone, Citric Acid, Porphyra Umbilicalis Extract (and) Caesalpinia Spinosa Gum, Ricinus Communis (Castor) Seed Oil, Argania Spinosa Kernel Oil, Hydroxypropryltrimonium Corn/Wheat/Soy Amino Acids, Panthenol, Tocopheryl Acetate, Benzyl Benzoate, Benzyl Salicylate, Coumarin, Hexyl Cinnamal, Limonene, Alpha-isomethyl Ionone.            ",False,False,False,True,False,False,Comb_cream,-15.3919525,8.422849
87,Skala Cosm\xe9ticos,Creme para Pentear Divino Potinho Kids,"\r\n                Aqua, Cetearyl Alcohol, Cetrimonium Chloride, Stearamidopropyl Dimethylamine, Shea Butter Cetyl Esters, Parfum, Cocos Nucifera Oil, Linum Usitatissimum Seed Oil, Panthenol, Tocopheryl, Acetate, Methylchloroisothiazolinone (and) Methylisothiazolinone, Citric Acid, Alpha-Isomethyl Ionone.            ",False,False,False,True,False,False,Comb_cream,-12.018169,-8.0657015
88,Skala Cosm\xe9ticos,Creme para Pentear Dona Skala,"\r\n                Aqua, Cetearyl Alcohol, Cetrimonium Chloride, Glyceryl Stearate, Linum Usitatissimum Seed Extract (and) Algin (and) Glyceryl Oleate Citrate (and) Caprylic/Capric Triglyceride, Shea Butter Cetyl Esters, Linum Usitatissimum Seed Oil, Stearamidopropyl Dimethylamine, Zea Mays (Corn) Starch, Parfum, Helianthus Annus (Sunflower) Seed Oil, Cocos Nucifera Oil, Persea Gratissima (Avocado) Oil, Panthenol, Tocopheryl Acetate, Citric Acid, Methylchloroisothiazolinone (and) Methylisothiazolinone.            ",False,False,False,True,False,False,Comb_cream,-12.008616,2.9925852
89,Skala Cosm\xe9ticos,Day After Gel L\xedquido #Mais Cachos,"\r\n                Aqua, Hydroxyethylcellulose, Glycerin, Polyquaternium-10, PEG-90M, Cetrimonium Chloride, Parfum, Methylchloroisothiazolinone (and) Methylisothiazolinone, Panthenol, Ricinus Communis (Castor) Seed Oil,  Argania Spinosa Kernel Oil,  Tocopheryl Acetate, Disodium EDTA, Coumarin, Limonene, Linalool, CI14.720.            ",False,False,False,False,True,False,Gel,-18.8106,-2.2209132
90,Skala Cosm\xe9ticos,Barba Cera Modeladora,"\r\n                Aqua,Ceteareth-20, Glycerin, PropyleneGlycol, Acrylates/OctylacrylamideCopolymer, AminomethylPropanol,Polysorbate 20, Parfum, Triclosan,Methylchloroisothiazolinone (and) Methylisothiazolinone, RicinusCommunis (Castor) SeedOil, CalendulaOfficinalisFlowerExtract, Aloe BarbadensisLeafExtract, MelaleucaAlternif\xf3lia (Tea Tree) LeafOil, BenzylSalicylate, Citronellol, Coumarin, Geraniol, Limonene, Linalool, Butylphenyl Methylpropional, CI 42.090.            ",False,False,False,False,False,True,Beard,-22.779377,1.0950973
91,Skala Cosm\xe9ticos,Barba Lo\xe7\xe3o Balm,"\r\n                Aqua, Tribehenin PEG-20 Esters, Propylene Glycol, Acrylates / C10-30 Alkyl Acrylate Crosspolymer, Aminomethyl Propanol, PEG-90M, Triclosan, Parfum, Methylisothiazolinone (and) Phenoxyethanol, Allantoin, Ricinus Communis (Castor) Seed Oil, Calendula Officinalis Flower Extract, Aloe Barbadensis Leaf Extract, Benzyl Salicylate, Citronellol, Coumarin, Geraniol, Limonene, Linalool, Butylphenyl Methylpropional.            ",False,False,False,False,False,True,Beard,-22.802547,4.429983
92,Skala Cosm\xe9ticos,Barba \xd3leo,"\r\n                C13-15 Alkane, Paraffinum Liquidum, Dimethicone (and) Dimethicone/Vinyl Dimethicone Crosspolymer, Parfum, Triclosan, Ricinus Communis (Castor) Seed Oil, Calendula Officinalis Flower Extract, Aloe Barbadensis Leaf Extract, Benzyl Salicylate, Citronellol, Coumarin, Geraniol, Limonene, Linalool, Butylphenyl Methylpropional.            ",False,False,False,False,False,True,Beard,-23.200594,3.3339942
93,Skala Cosm\xe9ticos,Barba Pomada Modeladora,"\r\n                Aqua,  Olus Oil, Cetyl Alcohol, Ozoquerite Wax, Glyceryl Stearate, Shea Butter Cetyl Esters, Ceteareth-20, Copernicia Cerifera Wax, Glycerin, PEG-90M, Polyvinylpyrrolidone, Parfum, Dissodium EDTA,  Methylchloroisothiazolinone (and) Methylisothiazolinone, Butylhydroxytoluene, Melaleuca Alternif\xf3lia (Tea Tree) Leaf Oil, Calendula Officinalis Flower Extract, Ricinus Communis (Castor) Seed Oil, Aloe Barbadensis Leaf Extract, Benzyl Salicylate, Citronellol, Coumarin, Geraniol, Limonene, Linalool, Butylphenyl Methylpropional.            ",False,False,False,False,False,True,Beard,-25.170637,4.470814
94,Skala Cosm\xe9ticos,Barba Shampoo,"\r\n                Aqua, Disodium Laureth Sulfosuccinate, Disodium Cocoyl Glutamate, Cocamidopropyl Betaine, Hydroxyethylcellulose, PEG-90M, Parfum, Methylchloroisothiazolinone (and) Methylisothiazolinone, Disodium EDTA, Triclosan, Ricinus Communis (Castor) Seed Oil, Calendula Officinalis Flower Extract, Aloe Barbadensis Leaf Extract, Citric Acid, Benzyl Salicylate.            ",True,False,False,False,False,True,Beard,2.7452726,-6.2150865
